{
    "accuracy": 0.7816867469879518,
    "precision": 0.7707129094412332,
    "recall": 0.7881773399014779,
    "auc": 0.8700041825448462
}